<component name="ProjectRunConfigurationManager">
  <configuration default="false" name="ARTIST" type="PythonConfigurationType" factoryName="Python">
    <module name="tnr_artist" />
    <option name="INTERPRETER_OPTIONS" value="" />
    <option name="PARENT_ENVS" value="true" />
    <envs>
      <env name="PYTHONUNBUFFERED" value="1" />
      <env name="ROBOT_DEPLOY" value="C:\Users\ndeforti\Desktop\robots" />
      <env name="WORKSPACE" value="C:\robots\ARTIST\run" />
      <env name="EXCEL_FILE" value="C:\Users\ndeforti\Desktop\robots\tnr_artist\JDD_ARTIST.xlsx" />
      <env name="EXCEL_SHEET" value="change_nom_feuille" />
      <env name="ENVIRONNEMENT" value="RE7" />
      <env name="PROJECT_NAME" value="tnr_artist" />
      <env name="TEMPLATE" value="artist_template.resource" />
      <env name="NAVIGATEUR" value="Chrome" />
      <env name="TIMEOUT" value="10s" />
      <env name="URL" value="https://www.google.fr" />
    </envs>
    <option name="SDK_HOME" value="C:\Users\ndeforti\Desktop\robots\venv\Scripts\python.exe" />
    <option name="WORKING_DIRECTORY" value="$PROJECT_DIR$/metier/Suites" />
    <option name="IS_MODULE_SDK" value="false" />
    <option name="ADD_CONTENT_ROOTS" value="true" />
    <option name="ADD_SOURCE_ROOTS" value="true" />
    <option name="SCRIPT_NAME" value="$PROJECT_DIR$/../venv/Lib/site-packages/robot/run.py" />
    <option name="PARAMETERS" value="--removekeywords tag:Socle $FileDir$\$FileName$" />
    <option name="SHOW_COMMAND_LINE" value="false" />
    <option name="EMULATE_TERMINAL" value="false" />
    <option name="MODULE_MODE" value="false" />
    <option name="REDIRECT_INPUT" value="false" />
    <option name="INPUT_FILE" value="" />
    <method v="2" />
  </configuration>
</component>