{
    "test_1": {
        "Commentaires Derni\u00e8re execution": "",
        "parcours": "mettre_un_nom_pour_le_parcours",
        "Tags": "test_1",
        "Page espace conseiller": "",
        "variable_1": "test_avion",
        "variable_2": "test_moto",
        "variable_3": "test_velo"
    },
    "test_2": {
        "Commentaires Derni\u00e8re execution": "",
        "parcours": "mettre_un_nom_pour_le_parcours",
        "Tags": "test_2",
        "Page espace conseiller": "",
        "variable_1": "test_bateau",
        "variable_2": "test_helico",
        "variable_3": "test_voiture"
    }
}